{
    "name": "root",
    "gauges": {
        "BasicEnemyAI.Policy.Entropy.mean": {
            "value": 1.5567443370819092,
            "min": 1.5567443370819092,
            "max": 1.9336413145065308,
            "count": 80
        },
        "BasicEnemyAI.Policy.Entropy.sum": {
            "value": 38775.38671875,
            "min": 38055.828125,
            "max": 50073.57421875,
            "count": 80
        },
        "BasicEnemyAI.Environment.EpisodeLength.mean": {
            "value": 54.990990990990994,
            "min": 41.028475711892796,
            "max": 61.91919191919192,
            "count": 80
        },
        "BasicEnemyAI.Environment.EpisodeLength.sum": {
            "value": 24416.0,
            "min": 23972.0,
            "max": 25073.0,
            "count": 80
        },
        "BasicEnemyAI.Step.mean": {
            "value": 1999995.0,
            "min": 24992.0,
            "max": 1999995.0,
            "count": 80
        },
        "BasicEnemyAI.Step.sum": {
            "value": 1999995.0,
            "min": 24992.0,
            "max": 1999995.0,
            "count": 80
        },
        "BasicEnemyAI.Policy.ExtrinsicValueEstimate.mean": {
            "value": -0.3339065909385681,
            "min": -2.7781267166137695,
            "max": -0.3235927224159241,
            "count": 80
        },
        "BasicEnemyAI.Policy.ExtrinsicValueEstimate.sum": {
            "value": -157.60391235351562,
            "min": -1716.88232421875,
            "max": -153.70654296875,
            "count": 80
        },
        "BasicEnemyAI.Environment.CumulativeReward.mean": {
            "value": 0.27930022984675845,
            "min": -6.331636736195483,
            "max": 0.4634216201571834,
            "count": 80
        },
        "BasicEnemyAI.Environment.CumulativeReward.sum": {
            "value": 123.73000182211399,
            "min": -3172.1500048339367,
            "max": 209.92999393120408,
            "count": 80
        },
        "BasicEnemyAI.Policy.ExtrinsicReward.mean": {
            "value": 0.27930022984675845,
            "min": -6.331636736195483,
            "max": 0.4634216201571834,
            "count": 80
        },
        "BasicEnemyAI.Policy.ExtrinsicReward.sum": {
            "value": 123.73000182211399,
            "min": -3172.1500048339367,
            "max": 209.92999393120408,
            "count": 80
        },
        "BasicEnemyAI.Losses.PolicyLoss.mean": {
            "value": 0.019232104043476285,
            "min": 0.019232104043476285,
            "max": 0.028639026088058017,
            "count": 80
        },
        "BasicEnemyAI.Losses.PolicyLoss.sum": {
            "value": 0.03846420808695257,
            "min": 0.03846420808695257,
            "max": 0.08591707826417405,
            "count": 80
        },
        "BasicEnemyAI.Losses.ValueLoss.mean": {
            "value": 0.8627389997243882,
            "min": 0.7860585893193881,
            "max": 1.8461152091622353,
            "count": 80
        },
        "BasicEnemyAI.Losses.ValueLoss.sum": {
            "value": 1.7254779994487763,
            "min": 1.682744248211384,
            "max": 4.818422335386277,
            "count": 80
        },
        "BasicEnemyAI.Policy.LearningRate.mean": {
            "value": 1.672824442424997e-06,
            "min": 1.672824442424997e-06,
            "max": 0.00029769285076904994,
            "count": 80
        },
        "BasicEnemyAI.Policy.LearningRate.sum": {
            "value": 3.345648884849994e-06,
            "min": 3.345648884849994e-06,
            "max": 0.0008722659092446999,
            "count": 80
        },
        "BasicEnemyAI.Policy.Epsilon.mean": {
            "value": 0.10055757500000001,
            "min": 0.10055757500000001,
            "max": 0.19923095000000002,
            "count": 80
        },
        "BasicEnemyAI.Policy.Epsilon.sum": {
            "value": 0.20111515000000002,
            "min": 0.20111515000000002,
            "max": 0.5907553000000001,
            "count": 80
        },
        "BasicEnemyAI.Policy.Beta.mean": {
            "value": 3.2247242499999964e-05,
            "min": 3.2247242499999964e-05,
            "max": 0.003969314905,
            "count": 80
        },
        "BasicEnemyAI.Policy.Beta.sum": {
            "value": 6.449448499999993e-05,
            "min": 6.449448499999993e-05,
            "max": 0.011631136470000001,
            "count": 80
        },
        "BasicEnemyAI.IsTraining.mean": {
            "value": 1.0,
            "min": 1.0,
            "max": 1.0,
            "count": 80
        },
        "BasicEnemyAI.IsTraining.sum": {
            "value": 1.0,
            "min": 1.0,
            "max": 1.0,
            "count": 80
        }
    },
    "metadata": {
        "timer_format_version": "0.1.0",
        "start_time_seconds": "1705442137",
        "python_version": "3.9.13 (tags/v3.9.13:6de2ca5, May 17 2022, 16:36:42) [MSC v.1929 64 bit (AMD64)]",
        "command_line_arguments": "C:\\Users\\Junior\\Documents\\GitHub\\Meia_Thesis_DDA_Prototype\\DDA_Bullethell\\venv\\Scripts\\mlagents-learn model__configs\\configuration.yaml --initialize-from=Test07 --run-id=Test08",
        "mlagents_version": "0.30.0",
        "mlagents_envs_version": "0.30.0",
        "communication_protocol_version": "1.5.0",
        "pytorch_version": "2.1.2+cpu",
        "numpy_version": "1.21.2",
        "end_time_seconds": "1705447265"
    },
    "total": 5127.6648771,
    "count": 1,
    "self": 0.03178479999951378,
    "children": {
        "run_training.setup": {
            "total": 0.1139060999999999,
            "count": 1,
            "self": 0.1139060999999999
        },
        "TrainerController.start_learning": {
            "total": 5127.5191862,
            "count": 1,
            "self": 3.2107017999878735,
            "children": {
                "TrainerController._reset_env": {
                    "total": 8.8138941,
                    "count": 1,
                    "self": 8.8138941
                },
                "TrainerController.advance": {
                    "total": 5115.291366600012,
                    "count": 105039,
                    "self": 2.9471907000606734,
                    "children": {
                        "env_step": {
                            "total": 3057.5260668999454,
                            "count": 105039,
                            "self": 2738.685617799809,
                            "children": {
                                "SubprocessEnvManager._take_step": {
                                    "total": 316.89423030005275,
                                    "count": 105039,
                                    "self": 8.096699000066337,
                                    "children": {
                                        "TorchPolicy.evaluate": {
                                            "total": 308.7975312999864,
                                            "count": 76963,
                                            "self": 308.7975312999864
                                        }
                                    }
                                },
                                "workers": {
                                    "total": 1.9462188000839458,
                                    "count": 105039,
                                    "self": 0.0,
                                    "children": {
                                        "worker_root": {
                                            "total": 5115.213892799976,
                                            "count": 105039,
                                            "is_parallel": true,
                                            "self": 2593.77844949997,
                                            "children": {
                                                "steps_from_proto": {
                                                    "total": 0.0010814000000003432,