{
    "name": "root",
    "gauges": {
        "IntermediateEnemyAI.Policy.Entropy.mean": {
            "value": 0.9632997512817383,
            "min": 0.9566968083381653,
            "max": 1.1848434209823608,
            "count": 40
        },
        "IntermediateEnemyAI.Policy.Entropy.sum": {
            "value": 23981.34765625,
            "min": 23910.72265625,
            "max": 29913.7421875,
            "count": 40
        },
        "IntermediateEnemyAI.Step.mean": {
            "value": 999999.0,
            "min": 24989.0,
            "max": 999999.0,
            "count": 40
        },
        "IntermediateEnemyAI.Step.sum": {
            "value": 999999.0,
            "min": 24989.0,
            "max": 999999.0,
            "count": 40
        },
        "IntermediateEnemyAI.Policy.ExtrinsicValueEstimate.mean": {
            "value": 4.9374823570251465,
            "min": 4.100037097930908,
            "max": 7.96376895904541,
            "count": 40
        },
        "IntermediateEnemyAI.Policy.ExtrinsicValueEstimate.sum": {
            "value": 5816.3544921875,
            "min": 4703.107421875,
            "max": 9110.5517578125,
            "count": 40
        },
        "IntermediateEnemyAI.Environment.EpisodeLength.mean": {
            "value": 41.19798657718121,
            "min": 40.04455445544554,
            "max": 46.68582375478927,
            "count": 40
        },
        "IntermediateEnemyAI.Environment.EpisodeLength.sum": {
            "value": 24554.0,
            "min": 23948.0,
            "max": 24923.0,
            "count": 40
        },
        "IntermediateEnemyAI.Environment.CumulativeReward.mean": {
            "value": 6.833912893295997,
            "min": 3.746829934760433,
            "max": 8.707559295751649,
            "count": 40
        },
        "IntermediateEnemyAI.Environment.CumulativeReward.sum": {
            "value": 4073.012084404414,
            "min": 2083.237443726801,
            "max": 4937.186120691185,
            "count": 40
        },
        "IntermediateEnemyAI.Policy.ExtrinsicReward.mean": {
            "value": 6.833912893295997,
            "min": 3.746829934760433,
            "max": 8.707559295751649,
            "count": 40
        },
        "IntermediateEnemyAI.Policy.ExtrinsicReward.sum": {
            "value": 4073.012084404414,
            "min": 2083.237443726801,
            "max": 4937.186120691185,
            "count": 40
        },
        "IntermediateEnemyAI.Losses.PolicyLoss.mean": {
            "value": 0.026129736360162498,
            "min": 0.024359678907785565,
            "max": 0.034923941327724604,
            "count": 40
        },
        "IntermediateEnemyAI.Losses.PolicyLoss.sum": {
            "value": 0.026129736360162498,
            "min": 0.024359678907785565,
            "max": 0.06908621603157372,
            "count": 40
        },
        "IntermediateEnemyAI.Losses.ValueLoss.mean": {
            "value": 15.025102577209474,
            "min": 8.54848482131958,
            "max": 15.025102577209474,
            "count": 40
        },
        "IntermediateEnemyAI.Losses.ValueLoss.sum": {
            "value": 15.025102577209474,
            "min": 8.54848482131958,
            "max": 23.722789907455443,
            "count": 40
        },
        "IntermediateEnemyAI.Policy.LearningRate.mean": {
            "value": 4.763798412099994e-06,
            "min": 4.763798412099994e-06,
            "max": 0.00029382750205750004,
            "count": 40
        },
        "IntermediateEnemyAI.Policy.LearningRate.sum": {
            "value": 4.763798412099994e-06,
            "min": 4.763798412099994e-06,
            "max": 0.0005322996225667999,
            "count": 40
        },
        "IntermediateEnemyAI.Policy.Epsilon.mean": {
            "value": 0.10317580000000005,
            "min": 0.10317580000000005,
            "max": 0.29588499999999995,
            "count": 40
        },
        "IntermediateEnemyAI.Policy.Epsilon.sum": {
            "value": 0.10317580000000005,
            "min": 0.10317580000000005,
            "max": 0.5548664,
            "count": 40
        },
        "IntermediateEnemyAI.Policy.Beta.mean": {
            "value": 7.335720999999992e-05,
            "min": 7.335720999999992e-05,
            "max": 0.00391790575,
            "count": 40
        },
        "IntermediateEnemyAI.Policy.Beta.sum": {
            "value": 7.335720999999992e-05,
            "min": 7.335720999999992e-05,
            "max": 0.007099584680000002,
            "count": 40
        },
        "IntermediateEnemyAI.IsTraining.mean": {
            "value": 1.0,
            "min": 1.0,
            "max": 1.0,
            "count": 40
        },
        "IntermediateEnemyAI.IsTraining.sum": {
            "value": 1.0,
            "min": 1.0,
            "max": 1.0,
            "count": 40
        }
    },
    "metadata": {
        "timer_format_version": "0.1.0",
        "start_time_seconds": "1710447623",
        "python_version": "3.9.13 (tags/v3.9.13:6de2ca5, May 17 2022, 16:36:42) [MSC v.1929 64 bit (AMD64)]",
        "command_line_arguments": "C:\\Users\\Junior\\Documents\\GitHub\\Meia_Thesis_DDA_Prototype\\DDA_Bullethell\\venv\\Scripts\\mlagents-learn configuration.yaml --run-id=Test04 --initialize-from=Test03",
        "mlagents_version": "0.30.0",
        "mlagents_envs_version": "0.30.0",
        "communication_protocol_version": "1.5.0",
        "pytorch_version": "2.1.2+cpu",
        "numpy_version": "1.21.2",
        "end_time_seconds": "1710450544"
    },
    "total": 2921.7163001999998,
    "count": 1,
    "self": 0.012555199999496836,
    "children": {
        "run_training.setup": {
            "total": 0.11265729999999996,
            "count": 1,
            "self": 0.11265729999999996
        },
        "TrainerController.start_learning": {
            "total": 2921.5910877,
            "count": 1,
            "self": 1.9539854000149717,
            "children": {
                "TrainerController._reset_env": {
                    "total": 10.109346299999999,
                    "count": 1,
                    "self": 10.109346299999999
                },
                "TrainerController.advance": {
                    "total": 2909.3023779999853,
                    "count": 62259,
                    "self": 1.7015003999808869,
                    "children": {
                        "env_step": {
                            "total": 1539.174244599994,
                            "count": 62259,
                            "self": 1351.3854245999835,
                            "children": {
                                "SubprocessEnvManager._take_step": {
                                    "total": 186.6113338000388,
                                    "count": 62259,
                                    "self": 5.309955600021823,
                                    "children": {
                                        "TorchPolicy.evaluate": {
                                            "total": 181.30137820001698,
                                            "count": 50052,
                                            "self": 181.30137820001698
                                        }
                                    }
                                },
                                "workers": {
                                    "total": 1.177486199971712,
                                    "count": 62259,
                                    "self": 0.0,
                                    "children": {
                                        "worker_root": {
                                            "total": 2909.410080500006,
                                            "count": 62259,
                                            "is_parallel": true,
                                            "self": 1679.3423026000103,