{
    "name": "root",
    "gauges": {
        "BasicEnemyAI.Policy.Entropy.mean": {
            "value": 1.9997267723083496,
            "min": 1.9997267723083496,
            "max": 2.072295904159546,
            "count": 10
        },
        "BasicEnemyAI.Policy.Entropy.sum": {
            "value": 100066.328125,
            "min": 99312.5390625,
            "max": 104536.96875,
            "count": 10
        },
        "BasicEnemyAI.Environment.EpisodeLength.mean": {
            "value": 78.35668789808918,
            "min": 75.08736349453979,
            "max": 117.65281173594133,
            "count": 10
        },
        "BasicEnemyAI.Environment.EpisodeLength.sum": {
            "value": 49208.0,
            "min": 47530.0,
            "max": 51357.0,
            "count": 10
        },
        "BasicEnemyAI.Step.mean": {
            "value": 499993.0,
            "min": 49937.0,
            "max": 499993.0,
            "count": 10
        },
        "BasicEnemyAI.Step.sum": {
            "value": 499993.0,
            "min": 49937.0,
            "max": 499993.0,
            "count": 10
        },
        "BasicEnemyAI.Policy.ExtrinsicValueEstimate.mean": {
            "value": 1.812608242034912,
            "min": 1.3593590259552002,
            "max": 2.131410837173462,
            "count": 10
        },
        "BasicEnemyAI.Policy.ExtrinsicValueEstimate.sum": {
            "value": 1609.5960693359375,
            "min": 1124.18994140625,
            "max": 1609.5960693359375,
            "count": 10
        },
        "BasicEnemyAI.Environment.CumulativeReward.mean": {
            "value": 2.812526595701647,
            "min": 2.499646800575573,
            "max": 2.8166097360416353,
            "count": 10
        },
        "BasicEnemyAI.Environment.CumulativeReward.sum": {
            "value": 1766.2667021006346,
            "min": 1031.4666860625148,
            "max": 1776.21669254452,
            "count": 10
        },
        "BasicEnemyAI.Policy.ExtrinsicReward.mean": {
            "value": 2.812526595701647,
            "min": 2.499646800575573,
            "max": 2.8166097360416353,
            "count": 10
        },
        "BasicEnemyAI.Policy.ExtrinsicReward.sum": {
            "value": 1766.2667021006346,
            "min": 1031.4666860625148,
            "max": 1776.21669254452,
            "count": 10
        },
        "BasicEnemyAI.Losses.PolicyLoss.mean": {
            "value": 0.02263381398341153,
            "min": 0.021004255480365826,
            "max": 0.025723667480633594,
            "count": 10
        },
        "BasicEnemyAI.Losses.PolicyLoss.sum": {
            "value": 0.11316906991705764,
            "min": 0.09938866494630928,
            "max": 0.12861833740316797,
            "count": 10
        },
        "BasicEnemyAI.Losses.ValueLoss.mean": {
            "value": 0.6983610232174398,
            "min": 0.5382632473111153,
            "max": 0.6983610232174398,
            "count": 10
        },
        "BasicEnemyAI.Losses.ValueLoss.sum": {
            "value": 3.491805116087199,
            "min": 2.5738140478730203,
            "max": 3.491805116087199,
            "count": 10
        },
        "BasicEnemyAI.Policy.LearningRate.mean": {
            "value": 1.5802054732679993e-05,
            "min": 1.5802054732679993e-05,
            "max": 0.00028448790517069994,
            "count": 10
        },
        "BasicEnemyAI.Policy.LearningRate.sum": {
            "value": 7.901027366339996e-05,
            "min": 7.901027366339996e-05,
            "max": 0.0012835488721503999,
            "count": 10
        },
        "BasicEnemyAI.Policy.Epsilon.mean": {
            "value": 0.10526732000000001,
            "min": 0.10526732000000001,
            "max": 0.1948293,
            "count": 10
        },
        "BasicEnemyAI.Policy.Epsilon.sum": {
            "value": 0.5263366,
            "min": 0.5263366,
            "max": 0.9278496000000002,
            "count": 10
        },
        "BasicEnemyAI.Policy.Beta.mean": {
            "value": 0.00022016606799999996,
            "min": 0.00022016606799999996,
            "max": 0.00379368907,
            "count": 10
        },
        "BasicEnemyAI.Policy.Beta.sum": {
            "value": 0.0011008303399999999,
            "min": 0.0011008303399999999,
            "max": 0.01712119904,
            "count": 10
        },
        "BasicEnemyAI.IsTraining.mean": {
            "value": 1.0,
            "min": 1.0,
            "max": 1.0,
            "count": 10
        },
        "BasicEnemyAI.IsTraining.sum": {
            "value": 1.0,
            "min": 1.0,
            "max": 1.0,
            "count": 10
        }
    },
    "metadata": {
        "timer_format_version": "0.1.0",
        "start_time_seconds": "1705424033",
        "python_version": "3.9.13 (tags/v3.9.13:6de2ca5, May 17 2022, 16:36:42) [MSC v.1929 64 bit (AMD64)]",
        "command_line_arguments": "C:\\Users\\Junior\\Documents\\GitHub\\Meia_Thesis_DDA_Prototype\\DDA_Bullethell\\venv\\Scripts\\mlagents-learn model__configs\\configuration.yaml --initialize-from=Test04 --run-id=Test05",
        "mlagents_version": "0.30.0",
        "mlagents_envs_version": "0.30.0",
        "communication_protocol_version": "1.5.0",
        "pytorch_version": "2.1.2+cpu",
        "numpy_version": "1.21.2",
        "end_time_seconds": "1705425121"
    },
    "total": 1088.1721194000002,
    "count": 1,
    "self": 0.011963300000161325,
    "children": {
        "run_training.setup": {
            "total": 0.12584009999999957,
            "count": 1,
            "self": 0.12584009999999957
        },
        "TrainerController.start_learning": {
            "total": 1088.034316,
            "count": 1,
            "self": 1.6797913999964749,
            "children": {
                "TrainerController._reset_env": {
                    "total": 23.5369587,
                    "count": 1,
                    "self": 23.5369587
                },
                "TrainerController.advance": {
                    "total": 1062.7299261000037,
                    "count": 60549,
                    "self": 1.528426599999193,
                    "children": {
                        "env_step": {
                            "total": 780.1487568000036,
                            "count": 60549,
                            "self": 652.830294899986,
                            "children": {
                                "SubprocessEnvManager._take_step": {
                                    "total": 126.25843910000523,
                                    "count": 60549,
                                    "self": 4.108031400010319,
                                    "children": {
                                        "TorchPolicy.evaluate": {
                                            "total": 122.15040769999491,
                                            "count": 55619,
                                            "self": 122.15040769999491
                                        }
                                    }
                                },
                                "workers": {
                                    "total": 1.060022800012348,
                                    "count": 60549,
                                    "self": 0.0,
                                    "children": {
                                        "worker_root": {
                                            "total": 1062.78460499999,
                                            "count": 60549,
                                            "is_parallel": true,
                                            "self": 494.90453140000636,
                                            "children": {
                                                "steps_from_proto": {
                                                    "total": 0.0006865000000004784,
                                                    "count": 1,