{
    "name": "root",
    "gauges": {
        "IntermediateEnemyAI.Policy.Entropy.mean": {
            "value": 1.2800744771957397,
            "min": 1.2800744771957397,
            "max": 1.5473204851150513,
            "count": 60
        },
        "IntermediateEnemyAI.Policy.Entropy.sum": {
            "value": 31889.21484375,
            "min": 31889.21484375,
            "max": 38907.13671875,
            "count": 60
        },
        "IntermediateEnemyAI.Step.mean": {
            "value": 1499989.0,
            "min": 24983.0,
            "max": 1499989.0,
            "count": 60
        },
        "IntermediateEnemyAI.Step.sum": {
            "value": 1499989.0,
            "min": 24983.0,
            "max": 1499989.0,
            "count": 60
        },
        "IntermediateEnemyAI.Policy.ExtrinsicValueEstimate.mean": {
            "value": 12.028895378112793,
            "min": 8.136043548583984,
            "max": 12.951396942138672,
            "count": 60
        },
        "IntermediateEnemyAI.Policy.ExtrinsicValueEstimate.sum": {
            "value": 11018.4677734375,
            "min": 7200.3984375,
            "max": 11371.326171875,
            "count": 60
        },
        "IntermediateEnemyAI.Environment.EpisodeLength.mean": {
            "value": 89.30575539568345,
            "min": 87.775,
            "max": 129.3248730964467,
            "count": 60
        },
        "IntermediateEnemyAI.Environment.EpisodeLength.sum": {
            "value": 24827.0,
            "min": 24040.0,
            "max": 25477.0,
            "count": 60
        },
        "IntermediateEnemyAI.Environment.CumulativeReward.mean": {
            "value": 34.38508031962158,
            "min": 19.613863269713793,
            "max": 34.99270595167058,
            "count": 60
        },
        "IntermediateEnemyAI.Environment.CumulativeReward.sum": {
            "value": 9559.0523288548,
            "min": 3883.544927403331,
            "max": 9559.0523288548,
            "count": 60
        },
        "IntermediateEnemyAI.Policy.ExtrinsicReward.mean": {
            "value": 34.38508031962158,
            "min": 19.613863269713793,
            "max": 34.99270595167058,
            "count": 60
        },
        "IntermediateEnemyAI.Policy.ExtrinsicReward.sum": {
            "value": 9559.0523288548,
            "min": 3883.544927403331,
            "max": 9559.0523288548,
            "count": 60
        },
        "IntermediateEnemyAI.Losses.PolicyLoss.mean": {
            "value": 0.024221830647438766,
            "min": 0.020660065504489466,
            "max": 0.028681722475448625,
            "count": 60
        },
        "IntermediateEnemyAI.Losses.PolicyLoss.sum": {
            "value": 0.04844366129487753,
            "min": 0.020660065504489466,
            "max": 0.05284922144375742,
            "count": 60
        },
        "IntermediateEnemyAI.Losses.ValueLoss.mean": {
            "value": 12.810214796066283,
            "min": 7.14252128124237,
            "max": 13.294026041030884,
            "count": 60
        },
        "IntermediateEnemyAI.Losses.ValueLoss.sum": {
            "value": 25.620429592132567,
            "min": 7.384459657669067,
            "max": 25.620429592132567,
            "count": 60
        },
        "IntermediateEnemyAI.Policy.LearningRate.mean": {
            "value": 2.7159990947000103e-06,
            "min": 2.7159990947000103e-06,
            "max": 0.00029589260136913333,
            "count": 60
        },
        "IntermediateEnemyAI.Policy.LearningRate.sum": {
            "value": 5.4319981894000206e-06,
            "min": 5.4319981894000206e-06,
            "max": 0.0005548614150461999,
            "count": 60
        },
        "IntermediateEnemyAI.Policy.Epsilon.mean": {
            "value": 0.1018106,
            "min": 0.1018106,
            "max": 0.29726173333333333,
            "count": 60
        },
        "IntermediateEnemyAI.Policy.Epsilon.sum": {
            "value": 0.2036212,
            "min": 0.10591239999999998,
            "max": 0.5699076000000001,
            "count": 60
        },
        "IntermediateEnemyAI.Policy.Beta.mean": {
            "value": 4.612147000000014e-05,
            "min": 4.612147000000014e-05,
            "max": 0.003945371580000002,
            "count": 60
        },
        "IntermediateEnemyAI.Policy.Beta.sum": {
            "value": 9.224294000000028e-05,
            "min": 9.224294000000028e-05,
            "max": 0.00739965662,
            "count": 60
        },
        "IntermediateEnemyAI.IsTraining.mean": {
            "value": 1.0,
            "min": 1.0,
            "max": 1.0,
            "count": 60
        },
        "IntermediateEnemyAI.IsTraining.sum": {
            "value": 1.0,
            "min": 1.0,
            "max": 1.0,
            "count": 60
        }
    },
    "metadata": {
        "timer_format_version": "0.1.0",
        "start_time_seconds": "1710435503",
        "python_version": "3.9.13 (tags/v3.9.13:6de2ca5, May 17 2022, 16:36:42) [MSC v.1929 64 bit (AMD64)]",
        "command_line_arguments": "C:\\Users\\Junior\\Documents\\GitHub\\Meia_Thesis_DDA_Prototype\\DDA_Bullethell\\venv\\Scripts\\mlagents-learn configuration.yaml --run-id=Test02 --initialize-from=Test01",
        "mlagents_version": "0.30.0",
        "mlagents_envs_version": "0.30.0",
        "communication_protocol_version": "1.5.0",
        "pytorch_version": "2.1.2+cpu",
        "numpy_version": "1.21.2",
        "end_time_seconds": "1710439842"
    },
    "total": 4339.3784761,
    "count": 1,
    "self": 0.019886400000359572,
    "children": {
        "run_training.setup": {
            "total": 0.11807330000000027,
            "count": 1,
            "self": 0.11807330000000027
        },
        "TrainerController.start_learning": {
            "total": 4339.240516399999,
            "count": 1,
            "self": 4.299445100167759,
            "children": {
                "TrainerController._reset_env": {
                    "total": 11.3629292,
                    "count": 1,
                    "self": 11.3629292
                },
                "TrainerController.advance": {
                    "total": 4323.356992299832,
                    "count": 136498,
                    "self": 3.7638895997288273,
                    "children": {
                        "env_step": {
                            "total": 2334.6906038000957,
                            "count": 136498,
                            "self": 1930.2565956001242,
                            "children": {
                                "SubprocessEnvManager._take_step": {
                                    "total": 401.98409850000746,
                                    "count": 136498,
                                    "self": 11.409997600093163,
                                    "children": {
                                        "TorchPolicy.evaluate": {
                                            "total": 390.5741008999143,
                                            "count": 125012,
                                            "self": 390.5741008999143
                                        }
                                    }
                                },
                                "workers": {
                                    "total": 2.4499096999640066,
                                    "count": 136498,
                                    "self": 0.0,
                                    "children": {
                                        "worker_root": {
                                            "total": 4323.726979699973,
                                            "count": 136498,
                                            "is_parallel": true,
                                            "self": 2617.644895900054,