{"count":1,"self":839.34213119999993,"total":6333.2033169,"children":{"InitializeActuators":{"count":10182,"self":0.191488,"total":0.191488,"children":null},"InitializeSensors":{"count":10182,"self":0.31802159999999996,"total":0.31802159999999996,"children":null},"AgentSendState":{"count":416767,"self":782.680576,"total":888.85612729999991,"children":{"CollectObservations":{"count":2120806,"self":22.538372799999998,"total":22.538373099999998,"children":null},"WriteActionMask":{"count":2120806,"self":2.734158,"total":2.734158,"children":null},"RequestDecision":{"count":2120806,"self":11.8162328,"total":80.903016999999991,"children":{"AgentInfo.ToProto":{"count":1000248,"self":4.4403283999999994,"total":69.0867845,"children":{"GenerateSensorData":{"count":1000248,"self":50.375679999999996,"total":64.6464562,"children":{"RayPerceptionSensor.Perceive":{"count":8001984,"self":14.270776,"total":14.270775899999999,"children":null}}}}}}}}},"DecideAction":{"count":416767,"self":4285.9020288,"total":4534.5848642,"children":{"RayPerceptionSensor.Perceive":{"count":5344388,"self":248.682752,"total":248.6827443,"children":null}}},"AgentAct":{"count":416767,"self":69.2942912,"total":69.9097062,"children":{"AgentInfo.ToProto":{"count":7578,"self":0.054831399999999995,"total":0.6154181,"children":{"GenerateSensorData":{"count":7578,"self":0.44881689999999996,"total":0.5605867,"children":{"RayPerceptionSensor.Perceive":{"count":60624,"self":0.11176979999999999,"total":0.11176979999999999,"children":null}}}}}}},"RayPerceptionSensor.Perceive":{"count":96,"self":0,"total":0,"children":null}},"gauges":{"EliteEnemyAI.CumulativeReward":{"count":7578,"max":42.78304,"min":-1017.54279,"runningAverage":-5.01063633,"value":7.144537,"weightedAverage":5.75295162},"LevelManager.CumulativeReward":{"count":12,"max":0,"min":0,"runningAverage":0,"value":0,"weightedAverage":0}},"metadata":{"timer_format_version":"0.1.0","start_time_seconds":"1710546098","unity_version":"2022.3.17f1","command_line_arguments":"C:\\Program Files\\Unity 2022.3.17f1\\Editor\\Unity.exe -projectpath C:\\Users\\Junior\\Documents\\GitHub\\Meia_Thesis_DDA_Prototype\\DDA_Bullethell -useHub -hubIPC -cloudEnvironment production -licensingIpc LicenseClient-Junior -hubSessionId 953e1562-b6f0-4653-ab65-2afb0384b5de -accessToken ewNXAARBdGMdZ-CRZl-vJYBllXpu0wDWq4GLNXTsk2U006f","communication_protocol_version":"1.5.0","com.unity.ml-agents_version":"2.0.1","scene_name":"Main Game","end_time_seconds":"1710552431"}}