{
    "name": "root",
    "gauges": {
        "EliteEnemyAI.Policy.Entropy.mean": {
            "value": 1.6998677253723145,
            "min": 1.6872262954711914,
            "max": 2.110901355743408,
            "count": 40
        },
        "EliteEnemyAI.Policy.Entropy.sum": {
            "value": 42428.69921875,
            "min": 42234.6484375,
            "max": 53093.390625,
            "count": 40
        },
        "EliteEnemyAI.Step.mean": {
            "value": 999990.0,
            "min": 24982.0,
            "max": 999990.0,
            "count": 40
        },
        "EliteEnemyAI.Step.sum": {
            "value": 999990.0,
            "min": 24982.0,
            "max": 999990.0,
            "count": 40
        },
        "EliteEnemyAI.Policy.ExtrinsicValueEstimate.mean": {
            "value": 6.84978723526001,
            "min": -0.019672758877277374,
            "max": 6.966567039489746,
            "count": 40
        },
        "EliteEnemyAI.Policy.ExtrinsicValueEstimate.sum": {
            "value": 5986.7138671875,
            "min": -15.718534469604492,
            "max": 6040.013671875,
            "count": 40
        },
        "EliteEnemyAI.Environment.EpisodeLength.mean": {
            "value": 161.38311688311688,
            "min": 160.32467532467533,
            "max": 602.2777777777778,
            "count": 40
        },
        "EliteEnemyAI.Environment.EpisodeLength.sum": {
            "value": 24853.0,
            "min": 21682.0,
            "max": 26008.0,
            "count": 40
        },
        "EliteEnemyAI.Environment.CumulativeReward.mean": {
            "value": 26.600788705940207,
            "min": -35.74613206463659,
            "max": 28.753031339770292,
            "count": 40
        },
        "EliteEnemyAI.Environment.CumulativeReward.sum": {
            "value": 4123.122249420732,
            "min": -1286.8607543269172,
            "max": 4410.166465833783,
            "count": 40
        },
        "EliteEnemyAI.Policy.ExtrinsicReward.mean": {
            "value": 26.600788705940207,
            "min": -35.74613206463659,
            "max": 28.753031339770292,
            "count": 40
        },
        "EliteEnemyAI.Policy.ExtrinsicReward.sum": {
            "value": 4123.122249420732,
            "min": -1286.8607543269172,
            "max": 4410.166465833783,
            "count": 40
        },
        "EliteEnemyAI.Losses.PolicyLoss.mean": {
            "value": 0.027350574051961302,
            "min": 0.020042381444945932,
            "max": 0.02964976047631353,
            "count": 40
        },
        "EliteEnemyAI.Losses.PolicyLoss.sum": {
            "value": 0.027350574051961302,
            "min": 0.020042381444945932,
            "max": 0.05374563426943496,
            "count": 40
        },
        "EliteEnemyAI.Losses.ValueLoss.mean": {
            "value": 5.221296496391297,
            "min": 1.9939654135704041,
            "max": 8.545602865219116,
            "count": 40
        },
        "EliteEnemyAI.Losses.ValueLoss.sum": {
            "value": 5.221296496391297,
            "min": 1.9939654135704041,
            "max": 11.013577950000762,
            "count": 40
        },
        "EliteEnemyAI.Policy.LearningRate.mean": {
            "value": 4.761698412799999e-06,
            "min": 4.761698412799999e-06,
            "max": 0.0002938524020492,
            "count": 40
        },
        "EliteEnemyAI.Policy.LearningRate.sum": {
            "value": 4.761698412799999e-06,
            "min": 4.761698412799999e-06,
            "max": 0.0005323689225436999,
            "count": 40
        },
        "EliteEnemyAI.Policy.Epsilon.mean": {
            "value": 0.10317440000000001,
            "min": 0.10317440000000001,
            "max": 0.2959016000000001,
            "count": 40
        },
        "EliteEnemyAI.Policy.Epsilon.sum": {
            "value": 0.10317440000000001,
            "min": 0.10317440000000001,
            "max": 0.5549125999999998,
            "count": 40
        },
        "EliteEnemyAI.Policy.Beta.mean": {
            "value": 7.332928e-05,
            "min": 7.332928e-05,
            "max": 0.003918236919999998,
            "count": 40
        },
        "EliteEnemyAI.Policy.Beta.sum": {
            "value": 7.332928e-05,
            "min": 7.332928e-05,
            "max": 0.007100506369999999,
            "count": 40
        },
        "EliteEnemyAI.IsTraining.mean": {
            "value": 1.0,
            "min": 1.0,
            "max": 1.0,
            "count": 40
        },
        "EliteEnemyAI.IsTraining.sum": {
            "value": 1.0,
            "min": 1.0,
            "max": 1.0,
            "count": 40
        }
    },
    "metadata": {
        "timer_format_version": "0.1.0",
        "start_time_seconds": "1710527860",
        "python_version": "3.9.13 (tags/v3.9.13:6de2ca5, May 17 2022, 16:36:42) [MSC v.1929 64 bit (AMD64)]",
        "command_line_arguments": "C:\\Users\\Junior\\Documents\\GitHub\\Meia_Thesis_DDA_Prototype\\DDA_Bullethell\\venv\\Scripts\\mlagents-learn configuration.yaml --run-id=Test01",
        "mlagents_version": "0.30.0",
        "mlagents_envs_version": "0.30.0",
        "communication_protocol_version": "1.5.0",
        "pytorch_version": "2.1.2+cpu",
        "numpy_version": "1.21.2",
        "end_time_seconds": "1710531238"
    },
    "total": 3378.1211262999996,
    "count": 1,
    "self": 0.01653349999924103,
    "children": {
        "run_training.setup": {
            "total": 0.14361550000000012,
            "count": 1,
            "self": 0.14361550000000012
        },
        "TrainerController.start_learning": {
            "total": 3377.9609773,
            "count": 1,
            "self": 2.582484600010048,
            "children": {
                "TrainerController._reset_env": {
                    "total": 9.625372299999999,
                    "count": 1,
                    "self": 9.625372299999999
                },
                "TrainerController.advance": {
                    "total": 3365.4788245999903,
                    "count": 87320,
                    "self": 2.3837164999713423,
                    "children": {
                        "env_step": {
                            "total": 1692.1662509000143,
                            "count": 87320,
                            "self": 1392.0873806999891,
                            "children": {
                                "SubprocessEnvManager._take_step": {
                                    "total": 298.56071820000057,
                                    "count": 87320,
                                    "self": 7.266115100010836,
                                    "children": {
                                        "TorchPolicy.evaluate": {
                                            "total": 291.29460309998973,
                                            "count": 83349,
                                            "self": 291.29460309998973
                                        }
                                    }
                                },
                                "workers": {
                                    "total": 1.5181520000246707,
                                    "count": 87320,
                                    "self": 0.0,
                                    "children": {
                                        "worker_root": {
                                            "total": 3365.4171621999917,
                                            "count": 87320,
                                            "is_parallel": true,
                                            "self": 2127.84359510004,
                                            "children": {
                                                "steps_from_proto": {
                                                    "total": 0.007580700000000107,
                                                    "count": 1,