{
    "name": "root",
    "gauges": {
        "IntermediateEnemyAI.Policy.Entropy.mean": {
            "value": 1.4813625812530518,
            "min": 1.4739267826080322,
            "max": 2.1116037368774414,
            "count": 60
        },
        "IntermediateEnemyAI.Policy.Entropy.sum": {
            "value": 36974.80859375,
            "min": 36861.93359375,
            "max": 53111.05859375,
            "count": 60
        },
        "IntermediateEnemyAI.Step.mean": {
            "value": 1499996.0,
            "min": 24976.0,
            "max": 1499996.0,
            "count": 60
        },
        "IntermediateEnemyAI.Step.sum": {
            "value": 1499996.0,
            "min": 24976.0,
            "max": 1499996.0,
            "count": 60
        },
        "IntermediateEnemyAI.Policy.ExtrinsicValueEstimate.mean": {
            "value": 14.333507537841797,
            "min": -0.047800201922655106,
            "max": 15.947152137756348,
            "count": 60
        },
        "IntermediateEnemyAI.Policy.ExtrinsicValueEstimate.sum": {
            "value": 13057.8251953125,
            "min": -38.144561767578125,
            "max": 14828.716796875,
            "count": 60
        },
        "IntermediateEnemyAI.Environment.EpisodeLength.mean": {
            "value": 63.7390180878553,
            "min": 63.27877237851662,
            "max": 982.3333333333334,
            "count": 60
        },
        "IntermediateEnemyAI.Environment.EpisodeLength.sum": {
            "value": 24667.0,
            "min": 22750.0,
            "max": 28061.0,
            "count": 60
        },
        "IntermediateEnemyAI.Environment.CumulativeReward.mean": {
            "value": 37.05842544311701,
            "min": -83.69993776238213,
            "max": 39.47586205479088,
            "count": 60
        },
        "IntermediateEnemyAI.Environment.CumulativeReward.sum": {
            "value": 14341.610646486282,
            "min": -2008.7985062971711,
            "max": 15030.977447509766,
            "count": 60
        },
        "IntermediateEnemyAI.Policy.ExtrinsicReward.mean": {
            "value": 37.05842544311701,
            "min": -83.69993776238213,
            "max": 39.47586205479088,
            "count": 60
        },
        "IntermediateEnemyAI.Policy.ExtrinsicReward.sum": {
            "value": 14341.610646486282,
            "min": -2008.7985062971711,
            "max": 15030.977447509766,
            "count": 60
        },
        "IntermediateEnemyAI.Losses.PolicyLoss.mean": {
            "value": 0.025740431722952054,
            "min": 0.0211952894681599,
            "max": 0.028336594305001198,
            "count": 60
        },
        "IntermediateEnemyAI.Losses.PolicyLoss.sum": {
            "value": 0.05148086344590411,
            "min": 0.0211952894681599,
            "max": 0.05272829433437437,
            "count": 60
        },
        "IntermediateEnemyAI.Losses.ValueLoss.mean": {
            "value": 15.143261818885803,
            "min": 1.607507522702217,
            "max": 18.306367111206054,
            "count": 60
        },
        "IntermediateEnemyAI.Losses.ValueLoss.sum": {
            "value": 30.286523637771605,
            "min": 1.607507522702217,
            "max": 35.57943450927734,
            "count": 60
        },
        "IntermediateEnemyAI.Policy.LearningRate.mean": {
            "value": 2.7664990778666583e-06,
            "min": 2.7664990778666583e-06,
            "max": 0.0002958992013669332,
            "count": 60
        },
        "IntermediateEnemyAI.Policy.LearningRate.sum": {
            "value": 5.532998155733317e-06,
            "min": 5.532998155733317e-06,
            "max": 0.0005548796150401333,
            "count": 60
        },
        "IntermediateEnemyAI.Policy.Epsilon.mean": {
            "value": 0.10184426666666664,
            "min": 0.10184426666666664,
            "max": 0.29726613333333335,
            "count": 60
        },
        "IntermediateEnemyAI.Policy.Epsilon.sum": {
            "value": 0.20368853333333328,
            "min": 0.105946,
            "max": 0.5699197333333335,
            "count": 60
        },
        "IntermediateEnemyAI.Policy.Beta.mean": {
            "value": 4.679311999999989e-05,
            "min": 4.679311999999989e-05,
            "max": 0.003945459360000001,
            "count": 60
        },
        "IntermediateEnemyAI.Policy.Beta.sum": {
            "value": 9.358623999999978e-05,
            "min": 9.358623999999978e-05,
            "max": 0.007399898679999999,
            "count": 60
        },
        "IntermediateEnemyAI.IsTraining.mean": {
            "value": 1.0,
            "min": 1.0,
            "max": 1.0,
            "count": 60
        },
        "IntermediateEnemyAI.IsTraining.sum": {
            "value": 1.0,
            "min": 1.0,
            "max": 1.0,
            "count": 60
        }
    },
    "metadata": {
        "timer_format_version": "0.1.0",
        "start_time_seconds": "1710424916",
        "python_version": "3.9.13 (tags/v3.9.13:6de2ca5, May 17 2022, 16:36:42) [MSC v.1929 64 bit (AMD64)]",
        "command_line_arguments": "C:\\Users\\Junior\\Documents\\GitHub\\Meia_Thesis_DDA_Prototype\\DDA_Bullethell\\venv\\Scripts\\mlagents-learn configuration.yaml --run-id=Test01",
        "mlagents_version": "0.30.0",
        "mlagents_envs_version": "0.30.0",
        "communication_protocol_version": "1.5.0",
        "pytorch_version": "2.1.2+cpu",
        "numpy_version": "1.21.2",
        "end_time_seconds": "1710428833"
    },
    "total": 3917.3858047000003,
    "count": 1,
    "self": 0.018753100000139966,
    "children": {
        "run_training.setup": {
            "total": 0.1084628000000003,
            "count": 1,
            "self": 0.1084628000000003
        },
        "TrainerController.start_learning": {
            "total": 3917.2585888000003,
            "count": 1,
            "self": 4.0054832999926475,
            "children": {
                "TrainerController._reset_env": {
                    "total": 8.545883100000001,
                    "count": 1,
                    "self": 8.545883100000001
                },
                "TrainerController.advance": {
                    "total": 3904.514947500008,
                    "count": 138312,
                    "self": 3.5763195999447817,
                    "children": {
                        "env_step": {
                            "total": 2049.3893105999946,
                            "count": 138312,
                            "self": 1663.746612699945,
                            "children": {
                                "SubprocessEnvManager._take_step": {
                                    "total": 383.3337899000194,
                                    "count": 138312,
                                    "self": 9.934136199991713,
                                    "children": {
                                        "TorchPolicy.evaluate": {
                                            "total": 373.39965370002767,
                                            "count": 125016,
                                            "self": 373.39965370002767
                                        }
                                    }
                                },
                                "workers": {
                                    "total": 2.3089080000302715,
                                    "count": 138312,
                                    "self": 0.0,
                                    "children": {
                                        "worker_root": {
                                            "total": 3904.54937410003,
                                            "count": 138312,
                                            "is_parallel": true,
                                            "self": 2448.6769314001094,