{
    "name": "root",
    "gauges": {
        "BasicEnemyAI.Policy.Entropy.mean": {
            "value": 1.7606358528137207,
            "min": 1.7491092681884766,
            "max": 1.882121205329895,
            "count": 20
        },
        "BasicEnemyAI.Policy.Entropy.sum": {
            "value": 88510.6875,
            "min": 86811.7890625,
            "max": 94316.859375,
            "count": 20
        },
        "BasicEnemyAI.Environment.EpisodeLength.mean": {
            "value": 63.86658031088083,
            "min": 38.767885532591414,
            "max": 66.45087483176312,
            "count": 20
        },
        "BasicEnemyAI.Environment.EpisodeLength.sum": {
            "value": 49305.0,
            "min": 48460.0,
            "max": 49506.0,
            "count": 20
        },
        "BasicEnemyAI.Step.mean": {
            "value": 999922.0,
            "min": 49992.0,
            "max": 999922.0,
            "count": 20
        },
        "BasicEnemyAI.Step.sum": {
            "value": 999922.0,
            "min": 49992.0,
            "max": 999922.0,
            "count": 20
        },
        "BasicEnemyAI.Policy.ExtrinsicValueEstimate.mean": {
            "value": -0.7253149151802063,
            "min": -2.2997827529907227,
            "max": -0.6171646118164062,
            "count": 20
        },
        "BasicEnemyAI.Policy.ExtrinsicValueEstimate.sum": {
            "value": -625.94677734375,
            "min": -2904.62548828125,
            "max": -625.94677734375,
            "count": 20
        },
        "BasicEnemyAI.Environment.CumulativeReward.mean": {
            "value": -0.45987045259210113,
            "min": -3.8841129334713127,
            "max": -0.45987045259210113,
            "count": 20
        },
        "BasicEnemyAI.Environment.CumulativeReward.sum": {
            "value": -355.01998940110207,
            "min": -4882.32995737344,
            "max": -355.01998940110207,
            "count": 20
        },
        "BasicEnemyAI.Policy.ExtrinsicReward.mean": {
            "value": -0.45987045259210113,
            "min": -3.8841129334713127,
            "max": -0.45987045259210113,
            "count": 20
        },
        "BasicEnemyAI.Policy.ExtrinsicReward.sum": {
            "value": -355.01998940110207,
            "min": -4882.32995737344,
            "max": -355.01998940110207,
            "count": 20
        },
        "BasicEnemyAI.Losses.PolicyLoss.mean": {
            "value": 0.023941138358786702,
            "min": 0.02001172604621388,
            "max": 0.02661634864518419,
            "count": 20
        },
        "BasicEnemyAI.Losses.PolicyLoss.sum": {
            "value": 0.1197056917939335,
            "min": 0.08682514581014403,
            "max": 0.13308174322592095,
            "count": 20
        },
        "BasicEnemyAI.Losses.ValueLoss.mean": {
            "value": 0.8780321773886681,
            "min": 0.8780321773886681,
            "max": 1.740279530733824,
            "count": 20
        },
        "BasicEnemyAI.Losses.ValueLoss.sum": {
            "value": 4.390160886943341,
            "min": 4.049389660358429,
            "max": 8.596152111887932,
            "count": 20
        },
        "BasicEnemyAI.Policy.LearningRate.mean": {
            "value": 7.0227376591200085e-06,
            "min": 7.0227376591200085e-06,
            "max": 0.000292302227565925,
            "count": 20
        },
        "BasicEnemyAI.Policy.LearningRate.sum": {
            "value": 3.511368829560004e-05,
            "min": 3.511368829560004e-05,
            "max": 0.0013922196359268,
            "count": 20
        },
        "BasicEnemyAI.Policy.Epsilon.mean": {
            "value": 0.10234088000000001,
            "min": 0.10234088000000001,
            "max": 0.197434075,
            "count": 20
        },
        "BasicEnemyAI.Policy.Epsilon.sum": {
            "value": 0.5117044000000001,
            "min": 0.5100929000000001,
            "max": 0.9640732000000001,
            "count": 20
        },
        "BasicEnemyAI.Policy.Beta.mean": {
            "value": 0.00010340111200000013,
            "min": 0.00010340111200000013,
            "max": 0.0038976195925,
            "count": 20
        },
        "BasicEnemyAI.Policy.Beta.sum": {
            "value": 0.0005170055600000006,
            "min": 0.0005170055600000006,
            "max": 0.01856652068,
            "count": 20
        },
        "BasicEnemyAI.IsTraining.mean": {
            "value": 1.0,
            "min": 1.0,
            "max": 1.0,
            "count": 20
        },
        "BasicEnemyAI.IsTraining.sum": {
            "value": 1.0,
            "min": 1.0,
            "max": 1.0,
            "count": 20
        }
    },
    "metadata": {
        "timer_format_version": "0.1.0",
        "start_time_seconds": "1705435540",
        "python_version": "3.9.13 (tags/v3.9.13:6de2ca5, May 17 2022, 16:36:42) [MSC v.1929 64 bit (AMD64)]",
        "command_line_arguments": "C:\\Users\\Junior\\Documents\\GitHub\\Meia_Thesis_DDA_Prototype\\DDA_Bullethell\\venv\\Scripts\\mlagents-learn model__configs\\configuration.yaml --initialize-from=Test06 --run-id=Test07",
        "mlagents_version": "0.30.0",
        "mlagents_envs_version": "0.30.0",
        "communication_protocol_version": "1.5.0",
        "pytorch_version": "2.1.2+cpu",
        "numpy_version": "1.21.2",
        "end_time_seconds": "1705438217"
    },
    "total": 2676.8903297,
    "count": 1,
    "self": 0.01868040000044857,
    "children": {
        "run_training.setup": {
            "total": 0.10776640000000004,
            "count": 1,
            "self": 0.10776640000000004
        },
        "TrainerController.start_learning": {
            "total": 2676.7638828999998,
            "count": 1,
            "self": 2.3573023000085414,
            "children": {
                "TrainerController._reset_env": {
                    "total": 7.8684346000000005,
                    "count": 1,
                    "self": 7.8684346000000005
                },
                "TrainerController.advance": {
                    "total": 2666.375145399991,
                    "count": 76908,
                    "self": 2.1059797000170875,
                    "children": {
                        "env_step": {
                            "total": 1750.5227127999935,
                            "count": 76908,
                            "self": 1545.5595326999858,
                            "children": {
                                "SubprocessEnvManager._take_step": {
                                    "total": 203.4385459999911,
                                    "count": 76908,
                                    "self": 5.707299400028035,
                                    "children": {
                                        "TorchPolicy.evaluate": {
                                            "total": 197.73124659996307,
                                            "count": 62547,
                                            "self": 197.73124659996307
                                        }
                                    }
                                },
                                "workers": {
                                    "total": 1.5246341000166357,
                                    "count": 76908,
                                    "self": 0.0,
                                    "children": {
                                        "worker_root": {
                                            "total": 2666.33875609997,
                                            "count": 76908,
                                            "is_parallel": true,
                                            "self": 1255.4800640999779,
                                            "children": {
                                                "steps_from_proto": {
                                                    "total": 0.0009314999999991969,