{
    "name": "root",
    "gauges": {
        "BasicEnemyAI.Policy.Entropy.mean": {
            "value": 0.491994172334671,
            "min": 0.4839719533920288,
            "max": 0.8964389562606812,
            "count": 60
        },
        "BasicEnemyAI.Policy.Entropy.sum": {
            "value": 12330.849609375,
            "min": 12038.318359375,
            "max": 22315.0546875,
            "count": 60
        },
        "BasicEnemyAI.Step.mean": {
            "value": 1499981.0,
            "min": 24978.0,
            "max": 1499981.0,
            "count": 60
        },
        "BasicEnemyAI.Step.sum": {
            "value": 1499981.0,
            "min": 24978.0,
            "max": 1499981.0,
            "count": 60
        },
        "BasicEnemyAI.Policy.ExtrinsicValueEstimate.mean": {
            "value": 3.471747875213623,
            "min": -2.089343547821045,
            "max": 4.374889850616455,
            "count": 60
        },
        "BasicEnemyAI.Policy.ExtrinsicValueEstimate.sum": {
            "value": 3148.875244140625,
            "min": -1792.65673828125,
            "max": 3998.6494140625,
            "count": 60
        },
        "BasicEnemyAI.Environment.EpisodeLength.mean": {
            "value": 99.084,
            "min": 85.42372881355932,
            "max": 146.7289156626506,
            "count": 60
        },
        "BasicEnemyAI.Environment.EpisodeLength.sum": {
            "value": 24771.0,
            "min": 21054.0,
            "max": 27694.0,
            "count": 60
        },
        "BasicEnemyAI.Environment.CumulativeReward.mean": {
            "value": 11.064125733077526,
            "min": -12.059164373568757,
            "max": 12.82620525737433,
            "count": 60
        },
        "BasicEnemyAI.Environment.CumulativeReward.sum": {
            "value": 2766.0314332693815,
            "min": -2279.182066604495,
            "max": 3407.243852943182,
            "count": 60
        },
        "BasicEnemyAI.Policy.ExtrinsicReward.mean": {
            "value": 11.064125733077526,
            "min": -12.059164373568757,
            "max": 12.82620525737433,
            "count": 60
        },
        "BasicEnemyAI.Policy.ExtrinsicReward.sum": {
            "value": 2766.0314332693815,
            "min": -2279.182066604495,
            "max": 3407.243852943182,
            "count": 60
        },
        "BasicEnemyAI.Losses.PolicyLoss.mean": {
            "value": 0.023414806227665393,
            "min": 0.02244410280371085,
            "max": 0.03174085469450802,
            "count": 60
        },
        "BasicEnemyAI.Losses.PolicyLoss.sum": {
            "value": 0.04682961245533079,
            "min": 0.02244410280371085,
            "max": 0.062308007839601484,
            "count": 60
        },
        "BasicEnemyAI.Losses.ValueLoss.mean": {
            "value": 14.469292392730711,
            "min": 6.072844502925872,
            "max": 16.194610958099364,
            "count": 60
        },
        "BasicEnemyAI.Losses.ValueLoss.sum": {
            "value": 28.938584785461423,
            "min": 6.072844502925872,
            "max": 28.938584785461423,
            "count": 60
        },
        "BasicEnemyAI.Policy.LearningRate.mean": {
            "value": 2.6128991290666714e-06,
            "min": 2.6128991290666714e-06,
            "max": 0.0002959010013663332,
            "count": 60
        },
        "BasicEnemyAI.Policy.LearningRate.sum": {
            "value": 5.225798258133343e-06,
            "min": 5.225798258133343e-06,
            "max": 0.0005549016150328,
            "count": 60
        },
        "BasicEnemyAI.Policy.Epsilon.mean": {
            "value": 0.10174186666666668,
            "min": 0.10174186666666668,
            "max": 0.2972673333333333,
            "count": 60
        },
        "BasicEnemyAI.Policy.Epsilon.sum": {
            "value": 0.20348373333333336,
            "min": 0.10584053333333338,
            "max": 0.5699344000000002,
            "count": 60
        },
        "BasicEnemyAI.Policy.Beta.mean": {
            "value": 4.4750240000000054e-05,
            "min": 4.4750240000000054e-05,
            "max": 0.003945483299999999,
            "count": 60
        },
        "BasicEnemyAI.Policy.Beta.sum": {
            "value": 8.950048000000011e-05,
            "min": 8.950048000000011e-05,
            "max": 0.007400191280000003,
            "count": 60
        },
        "BasicEnemyAI.IsTraining.mean": {
            "value": 1.0,
            "min": 1.0,
            "max": 1.0,
            "count": 60
        },
        "BasicEnemyAI.IsTraining.sum": {
            "value": 1.0,
            "min": 1.0,
            "max": 1.0,
            "count": 60
        }
    },
    "metadata": {
        "timer_format_version": "0.1.0",
        "start_time_seconds": "1710418955",
        "python_version": "3.9.13 (tags/v3.9.13:6de2ca5, May 17 2022, 16:36:42) [MSC v.1929 64 bit (AMD64)]",
        "command_line_arguments": "C:\\Users\\Junior\\Documents\\GitHub\\Meia_Thesis_DDA_Prototype\\DDA_Bullethell\\venv\\Scripts\\mlagents-learn configuration.yaml --run-id=Test10 --initialize-from=Test09",
        "mlagents_version": "0.30.0",
        "mlagents_envs_version": "0.30.0",
        "communication_protocol_version": "1.5.0",
        "pytorch_version": "2.1.2+cpu",
        "numpy_version": "1.21.2",
        "end_time_seconds": "1710422274"
    },
    "total": 3318.5212812,
    "count": 1,
    "self": 0.013495499999862659,
    "children": {
        "run_training.setup": {
            "total": 0.11013110000000026,
            "count": 1,
            "self": 0.11013110000000026
        },
        "TrainerController.start_learning": {
            "total": 3318.3976546,
            "count": 1,
            "self": 2.063030699996034,
            "children": {
                "TrainerController._reset_env": {
                    "total": 17.192312,
                    "count": 1,
                    "self": 17.192312
                },
                "TrainerController.advance": {
                    "total": 3298.955250000004,
                    "count": 64394,
                    "self": 1.7612036999903466,
                    "children": {
                        "env_step": {
                            "total": 1317.655752699998,
                            "count": 64394,
                            "self": 1097.5363235000186,
                            "children": {
                                "SubprocessEnvManager._take_step": {
                                    "total": 218.97117539996933,
                                    "count": 64394,
                                    "self": 5.387290199991838,
                                    "children": {
                                        "TorchPolicy.evaluate": {
                                            "total": 213.5838851999775,
                                            "count": 54275,
                                            "self": 213.5838851999775
                                        }
                                    }
                                },
                                "workers": {
                                    "total": 1.1482538000101137,
                                    "count": 64394,
                                    "self": 0.0,
                                    "children": {
                                        "worker_root": {
                                            "total": 3299.2159609000378,
                                            "count": 64394,
                                            "is_parallel": true,
                                            "self": 2344.3563887000664,
                                            "children": {
                                                "steps_from_proto": {
                                                    "total": 0.002044099999999105,