{
    "name": "root",
    "gauges": {
        "BasicEnemyAI.Policy.Entropy.mean": {
            "value": 1.8463008403778076,
            "min": 1.8463008403778076,
            "max": 2.0737340450286865,
            "count": 20
        },
        "BasicEnemyAI.Policy.Entropy.sum": {
            "value": 92551.3671875,
            "min": 92551.3671875,
            "max": 105677.4921875,
            "count": 20
        },
        "BasicEnemyAI.Environment.EpisodeLength.mean": {
            "value": 99.89156626506023,
            "min": 90.53333333333333,
            "max": 325.7911392405063,
            "count": 20
        },
        "BasicEnemyAI.Environment.EpisodeLength.sum": {
            "value": 49746.0,
            "min": 43918.0,
            "max": 52697.0,
            "count": 20
        },
        "BasicEnemyAI.Step.mean": {
            "value": 999931.0,
            "min": 49982.0,
            "max": 999931.0,
            "count": 20
        },
        "BasicEnemyAI.Step.sum": {
            "value": 999931.0,
            "min": 49982.0,
            "max": 999931.0,
            "count": 20
        },
        "BasicEnemyAI.Policy.ExtrinsicValueEstimate.mean": {
            "value": 1.5429627895355225,
            "min": -0.18347273766994476,
            "max": 1.617965579032898,
            "count": 20
        },
        "BasicEnemyAI.Policy.ExtrinsicValueEstimate.sum": {
            "value": 1211.225830078125,
            "min": -95.22235107421875,
            "max": 1287.900634765625,
            "count": 20
        },
        "BasicEnemyAI.Environment.CumulativeReward.mean": {
            "value": 2.792034869332869,
            "min": -4.366855870763009,
            "max": 2.8544555058426195,
            "count": 20
        },
        "BasicEnemyAI.Environment.CumulativeReward.sum": {
            "value": 1390.4333649277687,
            "min": -768.5666332542896,
            "max": 1448.3666962012649,
            "count": 20
        },
        "BasicEnemyAI.Policy.ExtrinsicReward.mean": {
            "value": 2.792034869332869,
            "min": -4.366855870763009,
            "max": 2.8544555058426195,
            "count": 20
        },
        "BasicEnemyAI.Policy.ExtrinsicReward.sum": {
            "value": 1390.4333649277687,
            "min": -768.5666332542896,
            "max": 1448.3666962012649,
            "count": 20
        },
        "BasicEnemyAI.Losses.PolicyLoss.mean": {
            "value": 0.02306383685907349,
            "min": 0.021717838578624648,
            "max": 0.024663415059039833,
            "count": 20
        },
        "BasicEnemyAI.Losses.PolicyLoss.sum": {
            "value": 0.11531918429536746,
            "min": 0.08984046709083486,
            "max": 0.12331707529519917,
            "count": 20
        },
        "BasicEnemyAI.Losses.ValueLoss.mean": {
            "value": 0.5771607300639152,
            "min": 0.2974604729562998,
            "max": 1.1021217911504209,
            "count": 20
        },
        "BasicEnemyAI.Losses.ValueLoss.sum": {
            "value": 2.885803650319576,
            "min": 1.439287868142128,
            "max": 4.408487164601683,
            "count": 20
        },
        "BasicEnemyAI.Policy.LearningRate.mean": {
            "value": 6.326857891079996e-06,
            "min": 6.326857891079996e-06,
            "max": 0.0002922693025769,
            "count": 20
        },
        "BasicEnemyAI.Policy.LearningRate.sum": {
            "value": 3.163428945539998e-05,
            "min": 3.163428945539998e-05,
            "max": 0.0013916988361003999,
            "count": 20
        },
        "BasicEnemyAI.Policy.Epsilon.mean": {
            "value": 0.10210892,
            "min": 0.10210892,
            "max": 0.19742310000000002,
            "count": 20
        },
        "BasicEnemyAI.Policy.Epsilon.sum": {
            "value": 0.5105446,
            "min": 0.5105446,
            "max": 0.9638996000000001,
            "count": 20
        },
        "BasicEnemyAI.Policy.Beta.mean": {
            "value": 9.414590799999995e-05,
            "min": 9.414590799999995e-05,
            "max": 0.00389718169,
            "count": 20
        },
        "BasicEnemyAI.Policy.Beta.sum": {
            "value": 0.00047072953999999977,
            "min": 0.00047072953999999977,
            "max": 0.018559594040000002,
            "count": 20
        },
        "BasicEnemyAI.IsTraining.mean": {
            "value": 1.0,
            "min": 1.0,
            "max": 1.0,
            "count": 20
        },
        "BasicEnemyAI.IsTraining.sum": {
            "value": 1.0,
            "min": 1.0,
            "max": 1.0,
            "count": 20
        }
    },
    "metadata": {
        "timer_format_version": "0.1.0",
        "start_time_seconds": "1705426710",
        "python_version": "3.9.13 (tags/v3.9.13:6de2ca5, May 17 2022, 16:36:42) [MSC v.1929 64 bit (AMD64)]",
        "command_line_arguments": "C:\\Users\\Junior\\Documents\\GitHub\\Meia_Thesis_DDA_Prototype\\DDA_Bullethell\\venv\\Scripts\\mlagents-learn model__configs\\configuration.yaml --initialize-from=Test05 --run-id=Test06",
        "mlagents_version": "0.30.0",
        "mlagents_envs_version": "0.30.0",
        "communication_protocol_version": "1.5.0",
        "pytorch_version": "2.1.2+cpu",
        "numpy_version": "1.21.2",
        "end_time_seconds": "1705428656"
    },
    "total": 1946.220834,
    "count": 1,
    "self": 0.05976910000003954,
    "children": {
        "run_training.setup": {
            "total": 0.11153409999999964,
            "count": 1,
            "self": 0.11153409999999964
        },
        "TrainerController.start_learning": {
            "total": 1946.0495308,
            "count": 1,
            "self": 1.9722564999779024,
            "children": {
                "TrainerController._reset_env": {
                    "total": 8.5221994,
                    "count": 1,
                    "self": 8.5221994
                },
                "TrainerController.advance": {
                    "total": 1935.397115500022,
                    "count": 69119,
                    "self": 1.9034154000580656,
                    "children": {
                        "env_step": {
                            "total": 1052.4763372999766,
                            "count": 69119,
                            "self": 852.5282544999756,
                            "children": {
                                "SubprocessEnvManager._take_step": {
                                    "total": 198.67122580000583,
                                    "count": 69119,
                                    "self": 5.416329200012882,
                                    "children": {
                                        "TorchPolicy.evaluate": {
                                            "total": 193.25489659999295,
                                            "count": 62572,
                                            "self": 193.25489659999295
                                        }
                                    }
                                },
                                "workers": {
                                    "total": 1.276856999995271,
                                    "count": 69119,
                                    "self": 0.0,
                                    "children": {
                                        "worker_root": {
                                            "total": 1935.3298673000236,
                                            "count": 69119,
                                            "is_parallel": true,
                                            "self": 1203.4983906999864,
                                            "children": {
                                                "steps_from_proto": {
                                                    "total": 0.00069760000000052,
                                                    "count": 1,