{
    "name": "root",
    "gauges": {
        "IntermediateEnemyAI.Policy.Entropy.mean": {
            "value": 1.1698662042617798,
            "min": 1.1698662042617798,
            "max": 1.3275246620178223,
            "count": 40
        },
        "IntermediateEnemyAI.Policy.Entropy.sum": {
            "value": 29199.859375,
            "min": 29199.859375,
            "max": 33218.08984375,
            "count": 40
        },
        "IntermediateEnemyAI.Step.mean": {
            "value": 999991.0,
            "min": 24983.0,
            "max": 999991.0,
            "count": 40
        },
        "IntermediateEnemyAI.Step.sum": {
            "value": 999991.0,
            "min": 24983.0,
            "max": 999991.0,
            "count": 40
        },
        "IntermediateEnemyAI.Policy.ExtrinsicValueEstimate.mean": {
            "value": 9.59649658203125,
            "min": 8.704085350036621,
            "max": 11.964241027832031,
            "count": 40
        },
        "IntermediateEnemyAI.Policy.ExtrinsicValueEstimate.sum": {
            "value": 9020.70703125,
            "min": 8060.38916015625,
            "max": 11162.63671875,
            "count": 40
        },
        "IntermediateEnemyAI.Environment.EpisodeLength.mean": {
            "value": 84.69830508474577,
            "min": 80.11111111111111,
            "max": 98.64341085271317,
            "count": 40
        },
        "IntermediateEnemyAI.Environment.EpisodeLength.sum": {
            "value": 24986.0,
            "min": 23662.0,
            "max": 25522.0,
            "count": 40
        },
        "IntermediateEnemyAI.Environment.CumulativeReward.mean": {
            "value": 23.5689021396343,
            "min": 9.235829670097708,
            "max": 27.45102237788272,
            "count": 40
        },
        "IntermediateEnemyAI.Environment.CumulativeReward.sum": {
            "value": 6929.257229052484,
            "min": 2382.8440548852086,
            "max": 7317.436767861247,
            "count": 40
        },
        "IntermediateEnemyAI.Policy.ExtrinsicReward.mean": {
            "value": 23.5689021396343,
            "min": 9.235829670097708,
            "max": 27.45102237788272,
            "count": 40
        },
        "IntermediateEnemyAI.Policy.ExtrinsicReward.sum": {
            "value": 6929.257229052484,
            "min": 2382.8440548852086,
            "max": 7317.436767861247,
            "count": 40
        },
        "IntermediateEnemyAI.Losses.PolicyLoss.mean": {
            "value": 0.023547485187882557,
            "min": 0.021679985221708192,
            "max": 0.029888424820965154,
            "count": 40
        },
        "IntermediateEnemyAI.Losses.PolicyLoss.sum": {
            "value": 0.023547485187882557,
            "min": 0.021679985221708192,
            "max": 0.05977684964193031,
            "count": 40
        },
        "IntermediateEnemyAI.Losses.ValueLoss.mean": {
            "value": 17.832936115264893,
            "min": 11.289645624160766,
            "max": 17.832936115264893,
            "count": 40
        },
        "IntermediateEnemyAI.Losses.ValueLoss.sum": {
            "value": 17.832936115264893,
            "min": 11.289645624160766,
            "max": 33.15245070457459,
            "count": 40
        },
        "IntermediateEnemyAI.Policy.LearningRate.mean": {
            "value": 4.840298386599994e-06,
            "min": 4.840298386599994e-06,
            "max": 0.00029385420204860004,
            "count": 40
        },
        "IntermediateEnemyAI.Policy.LearningRate.sum": {
            "value": 4.840298386599994e-06,
            "min": 4.840298386599994e-06,
            "max": 0.0005323494225502,
            "count": 40
        },
        "IntermediateEnemyAI.Policy.Epsilon.mean": {
            "value": 0.10322680000000004,
            "min": 0.10322680000000004,
            "max": 0.29590279999999997,
            "count": 40
        },
        "IntermediateEnemyAI.Policy.Epsilon.sum": {
            "value": 0.10322680000000004,
            "min": 0.10322680000000004,
            "max": 0.5548995999999999,
            "count": 40
        },
        "IntermediateEnemyAI.Policy.Beta.mean": {
            "value": 7.437465999999995e-05,
            "min": 7.437465999999995e-05,
            "max": 0.003918260860000002,
            "count": 40
        },
        "IntermediateEnemyAI.Policy.Beta.sum": {
            "value": 7.437465999999995e-05,
            "min": 7.437465999999995e-05,
            "max": 0.007100247020000002,
            "count": 40
        },
        "IntermediateEnemyAI.IsTraining.mean": {
            "value": 1.0,
            "min": 1.0,
            "max": 1.0,
            "count": 40
        },
        "IntermediateEnemyAI.IsTraining.sum": {
            "value": 1.0,
            "min": 1.0,
            "max": 1.0,
            "count": 40
        }
    },
    "metadata": {
        "timer_format_version": "0.1.0",
        "start_time_seconds": "1710440261",
        "python_version": "3.9.13 (tags/v3.9.13:6de2ca5, May 17 2022, 16:36:42) [MSC v.1929 64 bit (AMD64)]",
        "command_line_arguments": "C:\\Users\\Junior\\Documents\\GitHub\\Meia_Thesis_DDA_Prototype\\DDA_Bullethell\\venv\\Scripts\\mlagents-learn configuration.yaml --run-id=Test03 --initialize-from=Test02",
        "mlagents_version": "0.30.0",
        "mlagents_envs_version": "0.30.0",
        "communication_protocol_version": "1.5.0",
        "pytorch_version": "2.1.2+cpu",
        "numpy_version": "1.21.2",
        "end_time_seconds": "1710443221"
    },
    "total": 2959.5466919,
    "count": 1,
    "self": 0.013098200000058569,
    "children": {
        "run_training.setup": {
            "total": 0.11221589999999981,
            "count": 1,
            "self": 0.11221589999999981
        },
        "TrainerController.start_learning": {
            "total": 2959.4213778,
            "count": 1,
            "self": 3.099574400014717,
            "children": {
                "TrainerController._reset_env": {
                    "total": 9.540377199999998,
                    "count": 1,
                    "self": 9.540377199999998
                },
                "TrainerController.advance": {
                    "total": 2946.550893299985,
                    "count": 92254,
                    "self": 2.8538957999658123,
                    "children": {
                        "env_step": {
                            "total": 1526.2014216999962,
                            "count": 92254,
                            "self": 1231.0052051000262,
                            "children": {
                                "SubprocessEnvManager._take_step": {
                                    "total": 293.3684317999607,
                                    "count": 92254,
                                    "self": 8.039756399981513,
                                    "children": {
                                        "TorchPolicy.evaluate": {
                                            "total": 285.3286753999792,
                                            "count": 83345,
                                            "self": 285.3286753999792
                                        }
                                    }
                                },
                                "workers": {
                                    "total": 1.8277848000092582,
                                    "count": 92254,
                                    "self": 0.0,
                                    "children": {
                                        "worker_root": {
                                            "total": 2946.9006330999814,
                                            "count": 92254,
                                            "is_parallel": true,
                                            "self": 1880.475959399999,