{
    "averageHealthLostPerWave": 20.0,
    "maxWaveReached": 10,
    "averageWaveCompletionTime": 15.014025688171387,
    "averageAccuracy": 0.4302670657634735,
    "averageParrySuccessRate": 0.0,
    "maxDifficulty": 20.0,
    "killScore": 63.0,
    "playerSessionID": "0042077c-5019-4d0e-ba67-d42f977b0892"
}