{
    "averageHealthLostPerWave": 14.999999046325684,
    "maxWaveReached": 10,
    "averageWaveCompletionTime": 15.543156623840332,
    "averageAccuracy": 0.5710059404373169,
    "averageParrySuccessRate": 0.0,
    "maxDifficulty": 11.0,
    "killScore": 88.0,
    "playerSessionID": "2366875e-dd1e-4b89-85d0-f4b6cb657431"
}