{
    "averageHealthLostPerWave": 17.499998092651368,
    "maxWaveReached": 10,
    "averageWaveCompletionTime": 17.43419647216797,
    "averageAccuracy": 0.4710526168346405,
    "averageParrySuccessRate": 0.125,
    "maxDifficulty": 20.0,
    "killScore": 77.0,
    "playerSessionID": ""
}